<?xml version="1.0" encoding="UTF-8"?>
<project-private xmlns="http://www.netbeans.org/ns/project-private/1">
    <editor-bookmarks xmlns="http://www.netbeans.org/ns/editor-bookmarks/2" lastBookmarkId="0"/>
    <open-files xmlns="http://www.netbeans.org/ns/projectui-open-files/2">
        <group>
            <file>file:/home/amit/Projects/JAVA/Netbeans%20Projects/JAVAFX%20Music%20Player/src/javafx/music/player/styler.css</file>
            <file>file:/home/amit/Projects/JAVA/Netbeans%20Projects/JAVAFX%20Music%20Player/src/javafx/music/player/FXMLDocumentController.java</file>
        </group>
    </open-files>
</project-private>
